OZHBC,S,35,40.24,-35.67066666666667,E,149,04.13,149.06883333333334
YXCY,S,35,14.82,-35.247,E,149,05.56,149.09266666666667
YXCB,S,35,20.73,-35.3455,E,149,06.18,149.103
OZHBD,S,35,29.70,-35.495,E,149,17.10,149.285
YXSB,S,35,22.72,-35.37866666666667,E,149,10.27,149.17116666666666
YXAL,S,36,04.76,-36.07933333333333,E,146,56.31,146.9385
OZHDI,S,33,21.20,-33.35333333333333,E,150,05.90,150.09833333333333
OZHAE,S,34,12.58,-34.209666666666664,E,150,47.49,150.7915
OZHFQ,S,34,14.04,-34.234,E,150,49.79,150.82983333333334
OZHAF,S,34,13.11,-34.2185,E,150,43.03,150.71716666666666
YXAH,S,30,30.67,-30.511166666666668,E,151,39.34,151.65566666666666
OZHAG,S,33,49.78,-33.82966666666667,E,150,48.69,150.8115
OZHDW,S,33,16.17,-33.2695,E,150,03.51,150.0585
OZHAQ,S,33,55.60,-33.92666666666667,E,151,01.40,151.02333333333334
OZHAH,S,30,57.10,-30.951666666666668,E,149,03.91,149.06516666666667
OZHJV,S,35,43.26,-35.721,E,150,11.73,150.1955
OZHJU,S,35,42.50,-35.708333333333336,E,150,10.35,150.1725
YXBH,S,33,24.35,-33.405833333333334,E,149,34.31,149.57183333333333
OZHJF,S,33,24.43,-33.40716666666667,E,149,34.45,149.57416666666666
OZHKN,S,35,31.20,-35.52,E,148,09.20,148.15333333333334
OZHAN,S,33,44.69,-33.74483333333333,E,150,59.44,150.99066666666667
YXBV,S,36,41.27,-36.68783333333333,E,149,51.52,149.85866666666666
YXEG,S,30,27.21,-30.4535,E,152,54.12,152.902
YBMG,S,36,25.59,-36.4265,E,150,04.57,150.07616666666667
YXIG,S,29,51.84,-29.864,E,150,34.78,150.57966666666667
OZHAL,S,33,37.70,-33.62833333333333,E,150,18.40,150.30666666666667
YXAY,S,33,32.09,-33.53483333333333,E,149,14.95,149.24916666666667
OZHBI,S,33,32.10,-33.535,E,149,14.90,149.24833333333333
YXBM,S,33,42.32,-33.705333333333336,E,150,19.34,150.32233333333335
OZHAK,S,30,37.88,-30.631333333333334,E,150,08.47,150.14116666666666
YXOM,S,36,54.83,-36.913833333333336,E,149,14.48,149.24133333333333
OZHFY,S,28,44.28,-28.738,E,152,37.51,152.62516666666667
OZHAX,S,34,26.53,-34.442166666666665,E,148,42.29,148.70483333333334
YXOW,S,34,29.20,-34.486666666666665,E,150,25.37,150.42283333333333
YXVL,S,30,38.86,-30.647666666666666,E,152,50.88,152.848
OZHAY,S,35,26.89,-35.448166666666665,E,149,48.08,149.80133333333333
OZHJG,S,33,32.84,-33.547333333333334,E,151,12.94,151.21566666666666
OZHJB,S,33,33.37,-33.55616666666667,E,151,11.62,151.19366666666667
OZHAZ,S,29,36.39,-29.6065,E,153,19.92,153.332
OZHAS,S,32,24.33,-32.4055,E,152,12.20,152.20333333333335
OZHBA,S,35,15.24,-35.254,E,149,26.68,149.44466666666668
OZHAV,S,34,48.49,-34.808166666666665,E,150,00.40,150.00666666666666
OZHBB,S,28,26.20,-28.436666666666667,E,153,28.07,153.46783333333335
OZHIR,S,28,38.11,-28.635166666666667,E,153,34.63,153.57716666666667
OZHIA,S,35,56.39,-35.93983333333333,E,148,22.64,148.37733333333333
OZHKC,S,34,03.20,-34.053333333333335,E,150,41.48,150.69133333333335
YXCP,S,34,04.71,-34.0785,E,150,48.35,150.80583333333334
OZHFM,S,33,23.20,-33.38666666666666,E,148,59.33,148.98883333333333
YXAO,S,33,33.40,-33.556666666666665,E,148,40.50,148.675
OZHDQ,S,34,14.49,-34.2415,E,150,49.29,150.8215
OZHBF,S,36,26.02,-36.43366666666667,E,148,20.01,148.3335
OZHEQ,S,34,06.20,-34.10333333333333,E,151,03.44,151.05733333333333
OZHKF,S,29,44.40,-29.74,E,153,03.90,153.065
OZHBM,S,28,41.26,-28.687666666666665,E,152,22.31,152.37183333333334
YXOF,S,30,19.01,-30.316833333333335,E,153,05.59,153.09316666666666
YXCC,S,33,50.40,-33.84,E,151,05.60,151.09333333333333
YXOL,S,33,04.90,-33.08166666666666,E,147,08.90,147.14833333333334
YXOH,S,31,49.31,-31.821833333333334,E,149,42.60,149.71
YXCM,S,36,14.53,-36.24216666666667,E,149,07.81,149.13016666666667
OZHEA,S,32,14.47,-32.241166666666665,E,152,28.26,152.471
YXAB,S,31,16.53,-31.2755,E,149,17.04,149.284
YXOO,S,34,38.04,-34.634,E,148,00.76,148.01266666666666
OZHIF,S,29,35.33,-29.588833333333334,E,152,46.48,152.77466666666666
OZHDN,S,33,39.32,-33.65533333333333,E,147,24.02,147.40033333333332
OZCRM,S,34,26.96,-34.449333333333335,E,149,28.15,149.46916666666667
YXOK,S,34,26.96,-34.449333333333335,E,149,28.15,149.46916666666667
OZHPQ,S,33,51.49,-33.85816666666667,E,151,12.60,151.21
YXDE,S,32,23.21,-32.386833333333335,E,150,40.92,150.682
YXDG,S,30,20.50,-30.341666666666665,E,152,42.70,152.71166666666667
OZHIG,S,28,55.54,-28.925666666666668,E,152,22.58,152.37633333333332
YXDB,S,32,14.32,-32.23866666666667,E,148,37.23,148.6205
YXDN,S,32,00.83,-32.01383333333333,E,149,23.39,149.38983333333334
OZHAA,S,32,24.07,-32.40116666666667,E,151,44.75,151.74583333333334
OZHJH,S,33,48.25,-33.80416666666667,E,150,52.05,150.8675
YXEM,S,37,03.37,-37.05616666666667,E,149,54.63,149.9105
OZHIS,S,28,49.60,-28.826666666666668,E,152,28.86,152.481
OZHDS,S,33,25.80,-33.43,E,148,22.20,148.37
YEVD,S,29,06.15,-29.1025,E,153,25.24,153.42066666666668
OZHBR,S,29,11.79,-29.1965,E,153,23.03,153.38383333333334
YXFO,S,33,23.75,-33.395833333333336,E,148,00.83,148.01383333333334
OZHCD,S,34,10.82,-34.18033333333333,E,151,02.30,151.03833333333333
OZHCB,S,34,46.57,-34.77616666666667,E,150,47.34,150.789
OZHBU,S,29,31.16,-29.519333333333332,E,152,18.65,152.31083333333333
YXGR,S,31,42.24,-31.704,E,148,39.91,148.66516666666666
YXGE,S,29,43.83,-29.7305,E,151,44.18,151.73633333333333
YGLK,S,33,47.25,-33.7875,E,150,36.51,150.6085
YXGC,S,32,00.89,-32.014833333333335,E,151,57.60,151.96
YXGS,S,33,25.30,-33.42166666666667,E,151,20.39,151.33983333333333
YXGH,S,34,44.89,-34.74816666666667,E,149,42.74,149.71233333333333
OZHKM,S,34,44.19,-34.7365,E,149,43.72,149.72866666666667
YXGP,S,29,40.42,-29.673666666666666,E,152,56.45,152.94083333333333
YXGL,S,33,54.37,-33.906166666666664,E,148,09.69,148.1615
YXGT,S,32,21.46,-32.35766666666667,E,149,32.33,149.53883333333334
YXGW,S,35,04.10,-35.068333333333335,E,148,06.15,148.1025
OZHDZ,S,33,25.61,-33.426833333333335,E,151,02.16,151.036
OZHDC,S,33,26.93,-33.44883333333333,E,151,04.39,151.07316666666668
YXGU,S,30,58.97,-30.982833333333332,E,150,15.13,150.25216666666665
OZHCC,S,36,22.64,-36.37733333333333,E,148,22.55,148.37583333333333
OZHCE,S,32,54.43,-32.90716666666667,E,150,44.85,150.7475
OZHJK,S,34,33.36,-34.556,E,148,22.08,148.368
OZHJX,S,34,30.00,-34.5,E,144,51.20,144.85333333333332
OZHDO,S,33,02.22,-33.037,E,149,24.80,149.41333333333333
OZHDU,S,33,02.20,-33.03666666666667,E,149,24.80,149.41333333333333
YHPG,S,33,49.70,-33.82833333333333,E,151,15.70,151.26166666666666
YXHK,S,33,42.19,-33.70316666666667,E,151,06.77,151.11283333333333
OZHIU,S,29,24.41,-29.406833333333335,E,153,21.17,153.35283333333334
YXIV,S,29,46.30,-29.77166666666667,E,151,07.90,151.13166666666666
YXJD,S,36,25.08,-36.418,E,148,36.91,148.61516666666665
YXJH,S,32,55.44,-32.924,E,151,41.60,151.69333333333333
OZHDX,S,33,43.68,-33.728,E,150,18.06,150.301
OZHJL,S,33,42.29,-33.70483333333333,E,150,18.40,150.30666666666667
YKAM,S,34,40.47,-34.6745,E,150,51.46,150.85766666666666
YXKO,S,28,37.70,-28.628333333333334,E,153,00.10,153.00166666666667
YXLE,S,34,33.60,-34.56,E,146,24.30,146.405
YLIH,S,28,48.54,-28.809,E,153,17.53,153.29216666666667
YXLG,S,33,29.96,-33.49933333333333,E,150,07.73,150.12883333333335
YXLL,S,33,55.21,-33.92016666666667,E,150,55.83,150.9305
OZHFL,S,33,44.35,-33.73916666666667,E,151,18.62,151.31033333333335
OZHFN,S,32,40.89,-32.6815,E,149,51.06,149.851
YXMK,S,30,42.63,-30.7105,E,152,55.27,152.92116666666666
YXMA,S,29,27.20,-29.453333333333333,E,153,12.10,153.20166666666665
YXUH,S,33,45.97,-33.76616666666666,E,151,06.96,151.116
YXMT,S,32,45.58,-32.75966666666667,E,151,36.27,151.6045
OZHIX,S,28,54.47,-28.907833333333333,E,152,43.23,152.7205
OZHMC,S,30,33.80,-30.563333333333333,E,150,07.20,150.12
YXMW,S,32,08.60,-32.14333333333333,E,150,21.65,150.36083333333335
OZHFP,S,33,49.57,-33.826166666666666,E,151,15.94,151.26566666666668
YXUA,S,35,19.25,-35.32083333333333,E,150,26.36,150.43933333333334
OZHDR,S,33,05.30,-33.08833333333333,E,148,51.60,148.86
YXMV,S,33,41.11,-33.68516666666667,E,151,18.49,151.30816666666666
YXEE,S,29,28.25,-29.470833333333335,E,149,50.43,149.8405
YXMY,S,35,54.24,-35.904,E,150,04.17,150.0695
YXMD,S,33,45.90,-33.765,E,150,49.90,150.83166666666668
OZHDD,S,33,36.00,-33.6,E,150,15.90,150.265
OZHCO,S,34,24.81,-34.4135,E,150,48.90,150.815
YOCM,S,32,23.65,-32.39416666666666,E,151,05.45,151.09083333333334
OZHFO,S,33,27.74,-33.46233333333333,E,151,11.91,151.1985
YXMH,S,32,36.15,-32.6025,E,149,35.28,149.588
OZHKB,S,32,36.17,-32.602833333333336,E,149,35.39,149.58983333333333
OZHIB,S,31,46.23,-31.7705,E,150,50.04,150.834
YMUR,S,28,19.86,-28.331,E,153,24.83,153.41383333333334
YXUS,S,32,15.90,-32.265,E,150,53.90,150.89833333333334
OZHKO,S,36,12.87,-36.2145,E,150,08.14,150.13566666666668
OZHFK,S,33,43.41,-33.7235,E,151,15.80,151.26333333333332
YXNH,S,30,19.55,-30.325833333333332,E,149,46.63,149.77716666666666
OZHNU,S,30,31.30,-30.52166666666667,E,149,54.00,149.9
YXNY,S,32,42.96,-32.716,E,152,09.26,152.15433333333334
OZHKD,S,34,19.80,-34.33,E,150,36.50,150.60833333333332
YXNE,S,33,45.56,-33.75933333333333,E,150,42.89,150.71483333333333
OZHJN,S,33,46.25,-33.770833333333336,E,150,43.85,150.73083333333332
YNRH,S,32,52.44,-32.874,E,151,43.40,151.72333333333333
YXFV,S,32,55.22,-32.92033333333333,E,151,43.78,151.72966666666667
OZHIY,S,28,35.83,-28.597166666666666,E,153,13.53,153.2255
OZHDK,S,32,54.50,-32.90833333333333,E,148,03.20,148.05333333333334
YXNL,S,33,45.05,-33.75083333333333,E,151,14.02,151.23366666666666
OZHEB,S,34,55.98,-34.933,E,150,31.24,150.52066666666667
YOBE,S,33,42.04,-33.70066666666666,E,149,51.35,149.85583333333332
YXOG,S,33,18.99,-33.3165,E,149,05.56,149.09266666666667
YXCF,S,33,18.20,-33.303333333333335,E,149,07.10,149.11833333333334
OZHPO,S,33,51.49,-33.85816666666667,E,151,12.60,151.21
OZHPP,S,33,51.49,-33.85816666666667,E,151,12.60,151.21
OZHEJ,S,32,22.07,-32.36783333333333,E,152,30.00,152.5
YPLI,S,29,26.72,-29.445333333333334,E,153,16.01,153.26683333333332
YXPK,S,33,09.19,-33.153166666666664,E,148,10.27,148.17116666666666
YXPH,S,32,44.17,-32.73616666666667,E,148,11.99,148.19983333333334
YPSR,S,36,24.31,-36.405166666666666,E,148,24.89,148.41483333333332
YXPM,S,31,27.13,-31.452166666666667,E,152,52.60,152.87666666666667
YPOR,S,33,21.27,-33.3545,E,149,58.98,149.983
YXQU,S,31,30.06,-31.501,E,150,40.59,150.6765
OZHKG,S,31,30.10,-31.501666666666665,E,150,40.40,150.67333333333335
OZRGH,S,34,19.94,-34.33233333333333,E,148,19.58,148.32633333333334
OZHKP,S,36,14.12,-36.23533333333334,E,149,07.82,149.13033333333334
YXNS,S,33,49.27,-33.82116666666667,E,151,11.52,151.192
YRPA,S,33,53.36,-33.88933333333333,E,151,11.00,151.18333333333334
YXRN,S,32,48.24,-32.804,E,149,58.50,149.975
OZHEX,S,29,40.62,-29.677,E,153,19.78,153.32966666666667
YXSC,S,32,03.01,-32.05016666666667,E,150,52.66,150.87766666666667
OZHSP,S,33,51.49,-33.85816666666667,E,151,12.60,151.21
YXSH,S,34,33.60,-34.56,E,150,50.50,150.84166666666667
YXSE,S,34,53.76,-34.896,E,150,35.40,150.59
YXSI,S,32,34.01,-32.566833333333335,E,151,11.20,151.18666666666667
OZHFA,S,30,12.40,-30.206666666666667,E,153,16.04,153.26733333333334
OZHEZ,S,33,26.90,-33.44833333333333,E,151,08.68,151.14466666666667
OZHDL,S,33,24.20,-33.403333333333336,E,150,06.30,150.105
YXSG,S,33,58.02,-33.967,E,151,07.96,151.13266666666667
YXSA,S,33,44.00,-33.733333333333334,E,151,06.00,151.1
YXSN,S,33,55.17,-33.9195,E,151,14.36,151.23933333333332
OZHJO,S,33,49.01,-33.816833333333335,E,150,52.26,150.871
OZHIZ,S,28,53.40,-28.89,E,152,34.08,152.568
OZHFE,S,34,15.13,-34.25216666666667,E,150,34.61,150.57683333333333
YXTW,S,31,04.33,-31.072166666666668,E,150,55.60,150.92666666666668
OZHTW,S,30,38.50,-30.641666666666666,E,150,09.70,150.16166666666666
YXTE,S,29,02.88,-29.048,E,152,00.99,152.0165
YXNW,S,34,52.19,-34.86983333333333,E,150,35.73,150.5955
YTHB,S,36,30.34,-36.50566666666667,E,148,18.16,148.30266666666665
OZHFF,S,28,37.10,-28.618333333333332,E,152,47.60,152.79333333333332
OZHDP,S,32,14.50,-32.24166666666667,E,147,21.00,147.35
YXTD,S,32,55.30,-32.92166666666667,E,147,42.40,147.70666666666668
OZHFD,S,29,39.62,-29.660333333333334,E,153,06.34,153.10566666666668
OZHJA,S,32,38.00,-32.63333333333333,E,147,34.30,147.57166666666666
OZHJC,S,35,46.48,-35.77466666666667,E,148,00.50,148.00833333333333
OZHTT,S,35,18.40,-35.306666666666665,E,148,13.20,148.22
YXTV,S,28,15.83,-28.263833333333334,E,153,33.98,153.56633333333335
OZHKA,S,28,25.00,-28.416666666666668,E,153,19.64,153.32733333333334
OZHDM,S,32,14.36,-32.239333333333335,E,149,44.73,149.7455
OZHFJ,S,28,28.14,-28.469,E,152,33.08,152.55133333333333
YVCB,S,33,53.11,-33.88516666666666,E,151,13.41,151.2235
OZHCH,S,35,06.90,-35.115,E,147,21.20,147.35333333333332
YXWG,S,35,07.14,-35.119,E,147,21.43,147.35716666666667
OZHFV,S,30,59.21,-30.986833333333333,E,151,35.68,151.59466666666665
YWAN,S,34,02.38,-34.03966666666667,E,151,09.81,151.1635
OZHJP,S,29,32.34,-29.539,E,150,34.77,150.5795
YWRN,S,31,41.70,-31.695,E,147,50.30,147.83833333333334
OZHJW,S,36,20.96,-36.349333333333334,E,148,35.77,148.59616666666668
YWBN,S,34,10.80,-34.18,E,150,48.50,150.80833333333334
YXWW,S,30,13.54,-30.225666666666665,E,149,26.85,149.4475
YXWT,S,32,32.93,-32.548833333333334,E,148,57.00,148.95
OZHWC,S,31,23.20,-31.386666666666667,E,150,37.70,150.62833333333333
YXWS,S,33,48.16,-33.80266666666667,E,150,59.40,150.99
YXWM,S,33,48.14,-33.80233333333334,E,150,59.61,150.9935
YWST,S,33,48.30,-33.805,E,150,59.30,150.98833333333334
OZHJD,S,33,48.00,-33.8,E,150,59.36,150.98933333333332
OZHFX,S,33,23.01,-33.3835,E,150,59.32,150.98866666666666
YXWL,S,34,25.45,-34.424166666666665,E,150,52.94,150.88233333333332
OZHFI,S,34,18.33,-34.3055,E,149,58.23,149.9705
OZHFS,S,29,04.44,-29.074,E,153,20.30,153.33833333333334
OZHJE,S,28,23.38,-28.389666666666667,E,152,36.37,152.60616666666667
YXWY,S,33,15.62,-33.260333333333335,E,151,28.84,151.48066666666668
OZHFW,S,33,14.10,-33.235,E,151,29.60,151.49333333333334
OZHJQ,S,29,26.32,-29.438666666666666,E,153,21.50,153.35833333333332
YXYA,S,34,51.30,-34.855,E,148,54.50,148.90833333333333
OZHEP,S,34,49.43,-34.82383333333333,E,148,54.40,148.90666666666667
OZHKJ,S,32,45.00,-32.75,E,148,38.80,148.64666666666668
YXYO,S,34,19.26,-34.321,E,148,17.29,148.28816666666665
OZHAB,S,13,14.17,-13.236166666666668,E,131,06.48,131.108
OZHKH,S,12,32.20,-12.536666666666667,E,130,42.00,130.7
OZHBN,S,12,45.11,-12.751833333333334,E,130,22.95,130.3825
OZHBO,S,12,46.24,-12.770666666666667,E,130,31.78,130.52966666666666
OZHIQ,S,12,30.01,-12.500166666666667,E,130,45.95,130.76583333333335
OZHBZ,S,13,58.33,-13.972166666666666,E,131,24.51,131.4085
OZHDY,S,14,26.12,-14.435333333333332,E,132,16.25,132.27083333333334
OZHIJ,S,13,07.60,-13.126666666666667,E,130,48.20,130.80333333333334
OZHIK,S,13,05.90,-13.098333333333333,E,130,47.10,130.785
OZHIO,S,13,12.40,-13.206666666666667,E,130,45.30,130.755
OZHIL,S,13,15.10,-13.251666666666667,E,130,43.90,130.73166666666665
OZHIM,S,13,06.20,-13.103333333333333,E,130,50.70,130.845
OZHIN,S,13,12.20,-13.203333333333333,E,130,42.80,130.71333333333334
OZHIP,S,13,04.80,-13.08,E,130,41.50,130.69166666666666
OZHII,S,13,09.70,-13.161666666666667,E,130,40.90,130.68166666666667
OZHWE,S,14,55.20,-14.92,E,133,03.80,133.06333333333333
OZHIC,S,11,45.80,-11.763333333333334,E,130,53.50,130.89166666666668
YXDH,S,12,21.17,-12.352833333333333,E,130,52.90,130.88166666666666
OZHAC,S,24,10.96,-24.182666666666666,E,151,52.96,151.88266666666667
YBAF,S,27,34.19,-27.56983333333333,E,153,00.05,153.00083333333333
YXBS,S,27,59.08,-27.984666666666666,E,153,00.15,153.0025
YXBI,S,25,30.41,-25.506833333333333,E,152,03.04,152.05066666666667
OZHAO,S,24,23.60,-24.393333333333334,E,150,30.70,150.51166666666666
OZHAI,S,26,52.70,-26.878333333333334,E,152,06.10,152.10166666666666
YXKW,S,23,34.30,-23.571666666666665,E,148,52.70,148.87833333333333
OZHJT,S,28,37.09,-28.618166666666667,E,150,20.34,150.339
OZHAR,S,28,36.56,-28.609333333333332,E,150,21.14,150.35233333333332
YBOA,S,28,01.00,-28.016666666666666,E,152,40.90,152.68166666666667
OZHJZ,S,26,06.28,-26.104666666666667,E,151,26.96,151.44933333333333
YXBW,S,20,00.38,-20.006333333333334,E,148,14.42,148.24033333333333
YBPI,S,20,48.40,-20.806666666666665,E,149,16.90,149.28166666666667
OZHAW,S,27,24.07,-27.40116666666667,E,153,09.87,153.1645
YXBU,S,27,04.31,-27.071833333333334,E,153,22.03,153.36716666666666
YXBD,S,24,52.25,-24.870833333333334,E,152,20.13,152.3355
YXCA,S,28,01.10,-28.018333333333334,E,153,09.59,153.15983333333332
YCAX,S,28,00.12,-28.002,E,153,21.45,153.3575
YXCH,S,26,17.47,-26.291166666666665,E,151,57.44,151.95733333333334
OZHID,S,25,13.92,-25.232,E,152,16.51,152.27516666666668
YXCI,S,26,44.46,-26.741,E,150,38.09,150.63483333333335
OZHBL,S,27,32.06,-27.534333333333333,E,153,15.70,153.26166666666666
YXCV,S,20,32.80,-20.546666666666667,E,147,50.26,147.83766666666668
OZHBH,S,27,34.10,-27.568333333333335,E,153,20.10,153.335
OZHBK,S,26,25.50,-26.425,E,152,54.50,152.90833333333333
YCOV,S,27,49.40,-27.823333333333334,E,153,24.56,153.40933333333334
YCNT,S,27,15.53,-27.25883333333333,E,152,03.31,152.05516666666668
YXCU,S,28,02.90,-28.048333333333332,E,152,26.76,152.446
YXDA,S,27,09.95,-27.16583333333333,E,151,16.67,151.27783333333332
YDDI,S,20,15.58,-20.259666666666668,E,148,48.72,148.812
OZHBP,S,23,39.30,-23.655,E,149,20.10,149.335
OZHBQ,S,23,50.90,-23.848333333333333,E,150,15.80,150.26333333333332
YXDU,S,27,29.82,-27.497,E,153,23.94,153.399
YXDY,S,22,34.97,-22.582833333333333,E,148,21.21,148.3535
YXEI,S,25,22.94,-25.38233333333333,E,151,07.52,151.12533333333334
OZHBS,S,23,31.00,-23.516666666666666,E,148,09.20,148.15333333333334
YXES,S,27,14.43,-27.2405,E,152,25.07,152.41783333333333
OZHCA,S,25,30.30,-25.505,E,153,07.77,153.1295
OZHBT,S,23,52.55,-23.875833333333333,E,151,22.31,151.37183333333334
OZHDE,S,23,46.43,-23.773833333333332,E,151,19.61,151.32683333333333
YXGA,S,27,33.80,-27.563333333333333,E,152,16.70,152.27833333333334
YXGI,S,25,37.91,-25.631833333333333,E,151,36.27,151.6045
YXDT,S,23,51.00,-23.85,E,151,14.90,151.24833333333333
YXHG,S,27,57.44,-27.957333333333334,E,153,23.05,153.38416666666666
OZHBV,S,27,58.19,-27.969833333333334,E,153,25.63,153.42716666666666
OZHBX,S,26,10.70,-26.178333333333335,E,152,04.00,152.06666666666666
YXGO,S,28,32.88,-28.548000000000002,E,150,18.08,150.30133333333333
OZHBY,S,23,11.00,-23.183333333333334,E,150,56.50,150.94166666666666
YXGY,S,26,11.17,-26.186166666666665,E,152,39.12,152.652
YHPB,S,20,20.33,-20.338833333333334,E,148,51.13,148.85216666666668
YHPY,S,25,20.18,-25.336333333333332,E,153,12.11,153.20183333333333
YHYN,S,20,03.60,-20.06,E,148,53.10,148.885
YHRN,S,23,26.70,-23.445,E,151,54.60,151.91
YXHE,S,25,17.94,-25.299,E,152,49.23,152.8205
YXIW,S,28,25.04,-28.417333333333332,E,151,03.72,151.062
YXIP,S,27,37.26,-27.621,E,152,45.95,152.76583333333335
YXJN,S,26,46.88,-26.781333333333333,E,151,06.29,151.10483333333335
OZHCI,S,26,39.77,-26.66283333333333,E,152,27.73,152.46216666666666
OZHCL,S,27,38.17,-27.636166666666668,E,153,22.20,153.37
YXKP,S,27,24.84,-27.414,E,153,02.21,153.03683333333333
OZHCJ,S,23,19.40,-23.323333333333334,E,150,47.40,150.79
YXKI,S,26,56.85,-26.9475,E,152,33.96,152.566
OZHCN,S,26,04.98,-26.083,E,152,14.58,152.243
OZHIW,S,26,15.75,-26.2625,E,152,52.58,152.87633333333332
YXKN,S,26,31.95,-26.5325,E,151,50.38,151.83966666666666
OZHCK,S,25,23.43,-25.3905,E,153,01.74,153.029
OZHCM,S,27,20.95,-27.349166666666665,E,153,25.35,153.4225
YLTT,S,24,05.93,-24.09883333333333,E,152,41.41,152.69016666666667
YXLA,S,27,37.96,-27.632666666666665,E,152,23.96,152.39933333333335
YXLM,S,27,37.43,-27.623833333333334,E,153,23.02,153.38366666666667
OZHCP,S,26,32.58,-26.543,E,152,17.90,152.29833333333335
YLIN,S,20,27.00,-20.45,E,149,02.00,149.03333333333333
YXMC,S,27,36.56,-27.609333333333332,E,153,21.39,153.3565
OZHDH,S,26,45.77,-26.762833333333333,E,152,50.91,152.8485
OZHCQ,S,26,01.45,-26.024166666666666,E,151,23.02,151.38366666666667
YMAT,S,27,29.09,-27.484833333333334,E,153,01.67,153.02783333333332
OZHCW,S,22,48.37,-22.806166666666666,E,148,42.05,148.70083333333332
YXMS,S,26,39.49,-26.658166666666666,E,150,11.78,150.19633333333334
YXLR,S,27,52.76,-27.879333333333335,E,151,15.79,151.26316666666668
OZHCV,S,24,19.80,-24.33,E,151,33.65,151.56083333333333
YXOT,S,24,52.00,-24.866666666666667,E,151,07.20,151.12
OZHCU,S,27,22.65,-27.3775,E,152,49.00,152.81666666666666
OZHCT,S,27,19.80,-27.33,E,152,45.24,152.754
OZHFR,S,27,18.50,-27.308333333333334,E,152,41.34,152.689
OZHCY,S,23,49.00,-23.816666666666666,E,150,58.30,150.97166666666666
OZHCZ,S,25,01.04,-25.017333333333333,E,147,56.96,147.94933333333333
OZHBJ,S,24,56.25,-24.9375,E,148,07.09,148.11816666666667
OZHDA,S,23,38.33,-23.638833333333334,E,150,23.04,150.384
YXMP,S,25,10.90,-25.18166666666667,E,151,38.60,151.64333333333335
OZHCS,S,25,34.90,-25.581666666666667,E,151,17.98,151.29966666666667
YXDR,S,25,35.29,-25.588166666666666,E,151,17.59,151.29316666666668
YXMG,S,26,14.31,-26.2385,E,151,57.06,151.951
OZHEK,S,26,37.38,-26.623,E,152,57.57,152.9595
YXNA,S,26,37.26,-26.621,E,152,57.06,152.951
YXNN,S,26,40.00,-26.666666666666668,E,152,00.50,152.00833333333333
OZHDV,S,23,04.70,-23.078333333333333,E,150,53.20,150.88666666666666
OZHDG,S,27,18.62,-27.310333333333332,E,152,37.15,152.61916666666667
OZHES,S,27,17.74,-27.295666666666666,E,152,38.94,152.649
OZHEG,S,23,30.00,-23.5,E,152,05.00,152.08333333333334
OZHEH,S,24,57.60,-24.96,E,153,18.89,153.31483333333333
YXOR,S,28,13.89,-28.2315,E,153,08.10,153.135
YPAC,S,25,14.37,-25.2395,E,152,32.61,152.5435
YXPI,S,28,00.80,-28.013333333333332,E,153,23.80,153.39666666666668
YPLT,S,27,25.58,-27.426333333333332,E,153,31.34,153.52233333333334
OZHAU,S,22,02.40,-22.04,E,148,15.68,148.26133333333334
OZHEL,S,26,22.20,-26.37,E,152,51.75,152.8625
YPRC,S,27,23.40,-27.39,E,153,01.40,153.02333333333334
YPRI,S,27,30.01,-27.500166666666665,E,153,02.03,153.03383333333332
YXPN,S,20,23.90,-20.398333333333333,E,148,35.10,148.585
YXQC,S,27,29.04,-27.484,E,153,01.61,153.02683333333334
OZHEO,S,27,13.52,-27.22533333333333,E,153,06.51,153.1085
YXRK,S,23,22.76,-23.379333333333335,E,150,29.42,150.49033333333333
OZHER,S,24,37.40,-24.623333333333335,E,151,55.00,151.91666666666666
YRBH,S,27,26.82,-27.447,E,153,01.70,153.02833333333334
YRBC,S,27,27.01,-27.450166666666668,E,153,01.66,153.02766666666668
YXRU,S,27,39.48,-27.658,E,153,22.04,153.36733333333333
OZHET,S,23,03.50,-23.058333333333334,E,150,46.00,150.76666666666668
YSGE,S,28,03.00,-28.05,E,148,35.70,148.595
OZHEU,S,22,44.50,-22.741666666666667,E,150,39.20,150.65333333333334
YSML,S,20,15.78,-20.263,E,148,50.33,148.83883333333333
YXST,S,28,39.60,-28.66,E,151,55.67,151.92783333333333
YXHS,S,26,44.84,-26.747333333333334,E,153,06.82,153.11366666666666
YXTM,S,27,56.18,-27.936333333333334,E,153,10.89,153.1815
YTGA,S,27,07.85,-27.13083333333333,E,153,21.82,153.36366666666666
YXTA,S,27,11.00,-27.183333333333334,E,153,22.23,153.3705
OZHFC,S,23,57.20,-23.953333333333333,E,151,22.50,151.375
YXRH,S,27,16.42,-27.273666666666667,E,150,27.51,150.4585
YXTX,S,28,51.34,-28.855666666666668,E,151,10.77,151.1795
YXTO,S,27,34.23,-27.5705,E,151,56.76,151.946
OZHFH,S,27,33.39,-27.5565,E,152,00.90,152.015
OZHFG,S,25,04.06,-25.067666666666668,E,148,03.12,148.052
YXTL,S,19,19.22,-19.320333333333334,E,146,45.63,146.7605
YXWA,S,28,13.43,-28.22383333333333,E,152,01.00,152.01666666666668
YWIS,S,22,28.00,-22.466666666666665,E,150,10.00,150.16666666666666
OZHFU,S,25,06.98,-25.116333333333333,E,152,34.22,152.57033333333334
OZHJR,S,26,50.40,-26.84,E,151,58.57,151.97616666666667
YXPO,S,23,08.10,-23.135,E,150,44.90,150.74833333333333
YBUI,S,41,02.83,-41.04716666666667,E,145,52.84,145.88066666666666
YAFD,S,37,50.71,-37.845166666666664,E,144,58.88,144.98133333333334
YGIS,S,37,29.05,-37.48416666666667,E,144,35.14,144.58566666666667
OZHJS,S,37,51.56,-37.85933333333333,E,145,22.60,145.37666666666667
YRMH,S,37,47.57,-37.792833333333334,E,144,57.22,144.95366666666666
YXFH,S,32,04.20,-32.07,E,115,50.80,115.84666666666666
YXQE,S,31,58.13,-31.968833333333333,E,115,49.00,115.81666666666666
YXRP,S,31,57.22,-31.953666666666667,E,115,51.99,115.8665
OZHKL,S,34,15.37,-34.256166666666665,E,150,48.42,150.807
